Año,Trimestre,Provincia,ADSL,Cablemodem,Fibra óptica,Wireless,Otros,Total
2019-01-01,3,Buenos Aires,339648.0,2748325.0,1436433.0,126.846,70.416,4.721.668
2019-01-01,3,Capital Federal,140791.0,1240125.0,129218.0,5.758,31.787,1.547.679
2019-01-01,3,Catamarca,10010.0,10495.0,46224.0,1.329,2.235,70.293
2019-01-01,3,Chaco,27164.0,61800.0,44645.0,8.178,2.359,144.146
2019-01-01,3,Chubut,45377.0,72212.0,9574.0,29.784,8.831,165.778
2019-01-01,3,Córdoba,163770.0,465461.0,338570.0,61.07,9.797,1.038.668
2019-01-01,3,Corrientes,36508.0,77140.0,18619.0,7.256,5.323,144.846
2019-01-01,3,Entre Ríos,60345.0,132952.0,36971.0,26.098,12.593,268.959
2019-01-01,3,Formosa,14470.0,25880.0,11041.0,16.935,212.0,68.538
2019-01-01,3,Jujuy,19257.0,52978.0,40172.0,4.033,2.383,118.823
2019-01-01,3,La Pampa,7796.0,60078.0,23551.0,20.216,4.451,116.092
2019-01-01,3,La Rioja,6842.0,53899.0,19697.0,6.395,31.0,86.864
2019-01-01,3,Mendoza,37659.0,78858.0,142615.0,27.625,2.766,289.523
2019-01-01,3,Misiones,35513.0,88902.0,39046.0,11.074,7.622,182.157
2019-01-01,3,Neuquén,29352.0,75815.0,29396.0,27.482,1.116,163.161
2019-01-01,3,Río Negro,35552.0,48260.0,41017.0,16.76,18.969,160.558
2019-01-01,3,Salta,40006.0,96984.0,50254.0,10.082,7.215,204.541
2019-01-01,3,San Juan,38570.0,22723.0,12328.0,21.86,7.918,103.399
2019-01-01,3,San Luis,6860.0,29363.0,248.0,70.614,14.985,122.070
2019-01-01,3,Santa Cruz,10170.0,24047.0,10815.0,3.896,582.0,49.510
2019-01-01,3,Santa Fe,183740.0,426255.0,215189.0,43.079,19.547,887.810
2019-01-01,3,Santiago Del Estero,15385.0,80937.0,13170.0,6.618,2.922,119.032
2019-01-01,3,Tierra Del Fuego,12754.0,39963.0,403.0,125.0,651.0,53.896
2019-01-01,3,Tucumán,77738.0,18518.0,162345.0,3.997,519.0,263.117
2019-01-01,2,Buenos Aires,350652.0,2719613.0,1399043.0,126.847,71.028,4.667.183
2019-01-01,2,Capital Federal,145491.0,1232226.0,121506.0,5.757,31.791,1.536.771
2019-01-01,2,Catamarca,11928.0,9430.0,42087.0,1.329,2.234,67.008
2019-01-01,2,Chaco,29552.0,61284.0,42194.0,8.178,2.356,143.564
2019-01-01,2,Chubut,45377.0,69242.0,9574.0,29.784,8.828,162.805
2019-01-01,2,Córdoba,179181.0,467595.0,308895.0,61.107,9.657,1.026.435
2019-01-01,2,Corrientes,38468.0,75769.0,18181.0,7.256,5.323,144.997
2019-01-01,2,Entre Ríos,63794.0,131029.0,35839.0,26.098,12.592,269.352
2019-01-01,2,Formosa,15397.0,25487.0,9875.0,16.91,212.0,67.881
2019-01-01,2,Jujuy,20303.0,54495.0,34184.0,3.955,2.377,115.314
2019-01-01,2,La Pampa,7796.0,59273.0,22994.0,20.2,1.264,111.527
2019-01-01,2,La Rioja,7759.0,52656.0,19189.0,6.395,31.0,86.030
2019-01-01,2,Mendoza,37663.0,77504.0,135504.0,26.964,1.927,279.562
2019-01-01,2,Misiones,37208.0,89260.0,33649.0,11.074,7.622,178.813
2019-01-01,2,Neuquén,29749.0,74905.0,28824.0,27.371,1.119,161.968
2019-01-01,2,Río Negro,36050.0,47040.0,40946.0,16.76,18.968,159.764
2019-01-01,2,Salta,42665.0,96178.0,47076.0,10.068,7.19,203.177
2019-01-01,2,San Juan,38570.0,19734.0,12328.0,21.859,7.916,100.407
2019-01-01,2,San Luis,6860.0,29034.0,248.0,70.614,14.985,121.741
2019-01-01,2,Santa Cruz,10170.0,23725.0,10815.0,3.896,579.0,49.185
2019-01-01,2,Santa Fe,198492.0,428233.0,189503.0,43.081,19.55,878.859
2019-01-01,2,Santiago Del Estero,16561.0,80338.0,11605.0,6.618,2.922,118.044
2019-01-01,2,Tierra Del Fuego,12754.0,39837.0,403.0,125.0,651.0,53.770
2019-01-01,2,Tucumán,85893.0,15327.0,148823.0,3.997,487.0,254.527
2019-01-01,1,Buenos Aires,392045.0,2728865.0,1242121.0,125.521,66.872,4.555.424
2019-01-01,1,Capital Federal,102290.0,1217225.0,62308.0,5.784,29.934,1.417.541
2019-01-01,1,Catamarca,14181.0,15517.0,29118.0,1.328,2.234,62.378
2019-01-01,1,Chaco,32391.0,64546.0,36662.0,8.164,2.356,144.119
2019-01-01,1,Chubut,44133.0,66667.0,9184.0,30.592,21.052,171.628
2019-01-01,1,Córdoba,195610.0,501799.0,235838.0,60.843,9.713,1.003.803
2019-01-01,1,Corrientes,40462.0,79093.0,10875.0,6.774,5.374,142.578
2019-01-01,1,Entre Ríos,67159.0,138986.0,23091.0,26.098,12.592,267.926
2019-01-01,1,Formosa,16397.0,15927.0,5146.0,16.876,202.0,54.548
2019-01-01,1,Jujuy,21307.0,60616.0,25949.0,4.662,3.975,116.509
2019-01-01,1,La Pampa,8003.0,58978.0,21739.0,19.903,1.109,109.732
2019-01-01,1,La Rioja,9103.0,59228.0,9546.0,6.395,31.0,84.303
2019-01-01,1,Mendoza,49464.0,74145.0,123228.0,26.969,1.379,275.185
2019-01-01,1,Misiones,39147.0,91752.0,25178.0,7.807,7.624,171.508
2019-01-01,1,Neuquén,28443.0,73200.0,24193.0,23.098,745.0,149.679
2019-01-01,1,Río Negro,38662.0,45366.0,38037.0,16.815,18.494,157.374
2019-01-01,1,Salta,44714.0,98667.0,40994.0,5.95,7.19,197.515
2019-01-01,1,San Juan,34038.0,14449.0,11294.0,20.723,7.674,88.178
2019-01-01,1,San Luis,7987.0,11296.0,31.0,71.809,28.721,119.844
2019-01-01,1,Santa Cruz,10537.0,23420.0,10766.0,3.974,405.0,49.102
2019-01-01,1,Santa Fe,213486.0,444609.0,146552.0,45.261,20.571,870.479
2019-01-01,1,Santiago Del Estero,18118.0,87979.0,1093.0,6.349,2.922,116.461
2019-01-01,1,Tierra Del Fuego,13031.0,38700.0,416.0,124.0,340.0,52.611
2019-01-01,1,Tucumán,92532.0,62396.0,86174.0,3.995,487.0,245.584
2019-01-01,4,Buenos Aires,426325.0,2706506.0,1176024.0,126.887,73.415,4.509.157
2019-01-01,4,Capital Federal,111360.0,1205128.0,60005.0,5.679,29.947,1.412.119
2019-01-01,4,Catamarca,16385.0,13858.0,25100.0,1.512,2.235,59.090
2019-01-01,4,Chaco,35548.0,63145.0,34688.0,8.005,2.359,143.745
2019-01-01,4,Chubut,46361.0,57412.0,9655.0,28.041,18.839,160.308
2019-01-01,4,Córdoba,212011.0,487489.0,217214.0,61.277,8.779,986.770
2019-01-01,4,Corrientes,42523.0,71183.0,10138.0,6.778,5.29,135.912
2019-01-01,4,Entre Ríos,70459.0,133387.0,23452.0,25.022,12.726,265.046
2019-01-01,4,Formosa,17211.0,15111.0,5151.0,16.018,172.0,53.663
2019-01-01,4,Jujuy,22330.0,60511.0,24156.0,2.927,3.991,113.915
2019-01-01,4,La Pampa,8175.0,58000.0,20192.0,19.286,1.354,107.007
2019-01-01,4,La Rioja,10387.0,56651.0,9446.0,6.613,31.0,83.128
2019-01-01,4,Mendoza,59842.0,71553.0,109667.0,24.666,1.859,267.587
2019-01-01,4,Misiones,41778.0,92068.0,22035.0,7.649,7.602,171.132
2019-01-01,4,Neuquén,29175.0,72761.0,23253.0,21.531,746.0,147.466
2019-01-01,4,Río Negro,42037.0,44495.0,32212.0,16.558,18.451,153.753
2019-01-01,4,Salta,46972.0,99808.0,39555.0,5.882,7.188,199.405
2019-01-01,4,San Juan,35868.0,13102.0,11072.0,11.423,8.493,79.958
2019-01-01,4,San Luis,8472.0,11064.0,30.0,70.56,28.723,118.849
2019-01-01,4,Santa Cruz,10790.0,22902.0,10031.0,4.346,417.0,48.486
2019-01-01,4,Santa Fe,233427.0,444373.0,128856.0,43.556,16.229,866.441
2019-01-01,4,Santiago Del Estero,19032.0,86563.0,1088.0,6.256,2.922,115.861
2019-01-01,4,Tierra Del Fuego,13317.0,38148.0,426.0,124.0,342.0,52.357
2019-01-01,4,Tucumán,97830.0,59022.0,78790.0,2.511,486.0,238.639
2019-01-01,3,Buenos Aires,585729.0,2595485.0,885613.0,120.228,64.554,4.251.609
2019-01-01,3,Capital Federal,142902.0,1192107.0,42966.0,6.059,29.371,1.413.405
2019-01-01,3,Catamarca,18413.0,11709.0,22331.0,1.568,2.233,56.254
2019-01-01,3,Chaco,38258.0,63659.0,27583.0,8.018,2.353,139.871
2019-01-01,3,Chubut,49269.0,55794.0,8946.0,23.376,18.681,156.066
2019-01-01,3,Córdoba,229275.0,477223.0,167495.0,57.617,15.178,946.788
2019-01-01,3,Corrientes,44805.0,69403.0,7542.0,6.766,5.303,133.819
2019-01-01,3,Entre Ríos,74443.0,128752.0,20485.0,23.5,13.195,260.375
2019-01-01,3,Formosa,18093.0,14111.0,4730.0,15.69,171.0,52.795
2019-01-01,3,Jujuy,23554.0,60758.0,19926.0,2.952,3.968,111.158
2019-01-01,3,La Pampa,9015.0,57881.0,17817.0,14.479,1.295,100.487
2019-01-01,3,La Rioja,11329.0,54744.0,9444.0,6.613,30.0,82.160
2019-01-01,3,Mendoza,91474.0,71247.0,70579.0,21.811,828.0,255.939
2019-01-01,3,Misiones,43230.0,89469.0,10969.0,7.198,7.662,158.528
2019-01-01,3,Neuquén,29650.0,73794.0,16455.0,19.27,640.0,139.809
2019-01-01,3,Río Negro,47934.0,44519.0,18725.0,15.031,18.376,144.585
2019-01-01,3,Salta,49212.0,98318.0,36126.0,5.724,6.453,195.833
2019-01-01,3,San Juan,40072.0,12922.0,6670.0,11.372,8.447,79.483
2019-01-01,3,San Luis,8417.0,11884.0,27.0,68.856,28.68,117.864
2019-01-01,3,Santa Cruz,12347.0,22961.0,6328.0,4.269,3.071,48.976
2019-01-01,3,Santa Fe,245929.0,443156.0,93412.0,43.447,15.64,841.584
2019-01-01,3,Santiago Del Estero,19939.0,85535.0,909.0,6.147,2.928,115.458
2019-01-01,3,Tierra Del Fuego,12853.0,36958.0,6.0,16.0,390.0,50.223
2019-01-01,3,Tucumán,104489.0,53868.0,70964.0,2.408,743.0,232.472
2019-01-01,2,Buenos Aires,603255.0,2503830.0,854173.0,113.546,57.547,4.132.351
2019-01-01,2,Capital Federal,148989.0,1175097.0,41318.0,5.58,29.371,1.400.355
2019-01-01,2,Catamarca,20305.0,9426.0,22331.0,1.449,2.233,55.744
2019-01-01,2,Chaco,39826.0,62948.0,27584.0,8.018,2.353,140.729
2019-01-01,2,Chubut,49271.0,41497.0,6081.0,23.682,18.706,139.237
2019-01-01,2,Córdoba,239780.0,467782.0,151855.0,55.944,15.519,930.880
2019-01-01,2,Corrientes,46648.0,67262.0,3731.0,6.557,5.303,129.501
2019-01-01,2,Entre Ríos,77836.0,124957.0,17856.0,23.786,13.197,257.632
2019-01-01,2,Formosa,19571.0,12509.0,3610.0,15.69,171.0,51.551
2019-01-01,2,Jujuy,24738.0,60800.0,19611.0,2.731,3.968,111.848
2019-01-01,2,La Pampa,9017.0,57014.0,17132.0,13.209,1.295,97.667
2019-01-01,2,La Rioja,11627.0,54255.0,9445.0,6.245,30.0,81.602
2019-01-01,2,Mendoza,91503.0,70834.0,44696.0,21.811,827.0,229.671
2019-01-01,2,Misiones,44960.0,87861.0,10376.0,5.317,7.662,156.176
2019-01-01,2,Neuquén,30083.0,72690.0,15619.0,19.218,640.0,138.250
2019-01-01,2,Río Negro,48189.0,43761.0,18727.0,15.031,18.376,144.084
2019-01-01,2,Salta,51396.0,96016.0,32050.0,5.724,6.453,191.639
2019-01-01,2,San Juan,40072.0,12369.0,6673.0,11.372,8.447,78.933
2019-01-01,2,San Luis,8417.0,11308.0,28.0,66.86,36.205,122.818
2019-01-01,2,Santa Cruz,12347.0,22967.0,6328.0,4.269,3.071,48.982
2019-01-01,2,Santa Fe,256741.0,431915.0,90424.0,43.997,17.523,840.600
2019-01-01,2,Santiago Del Estero,20734.0,83770.0,909.0,5.081,3.596,114.090
2019-01-01,2,Tierra Del Fuego,12853.0,22504.0,6.0,14.0,316.0,35.693
2019-01-01,2,Tucumán,110429.0,48359.0,71683.0,1.837,743.0,233.051
2019-01-01,1,Buenos Aires,629679.0,2452056.0,821597.0,98.806,57.864,4.060.002
2019-01-01,1,Capital Federal,159805.0,1145093.0,39980.0,5.559,29.236,1.379.673
2019-01-01,1,Catamarca,26316.0,4409.0,18688.0,322.0,2.233,51.968
2019-01-01,1,Chaco,43214.0,61251.0,25426.0,8.004,1.875,139.770
2019-01-01,1,Chubut,45501.0,40960.0,3444.0,23.723,18.712,132.340
2019-01-01,1,Córdoba,260350.0,444695.0,134634.0,54.137,17.065,910.881
2019-01-01,1,Corrientes,49160.0,62876.0,3337.0,5.949,5.303,126.625
2019-01-01,1,Entre Ríos,83688.0,118424.0,16846.0,20.836,12.169,251.963
2019-01-01,1,Formosa,20663.0,11412.0,2562.0,15.669,380.0,50.686
2019-01-01,1,Jujuy,32254.0,54324.0,17322.0,2.677,3.879,110.456
2019-01-01,1,La Pampa,8946.0,58711.0,15779.0,12.369,1.3,97.105
2019-01-01,1,La Rioja,17363.0,34984.0,1.0,250.0,30.0,52.628
2019-01-01,1,Mendoza,91844.0,69295.0,38619.0,18.332,833.0,218.923
2019-01-01,1,Misiones,48292.0,82339.0,7064.0,4.796,6.896,149.387
2019-01-01,1,Neuquén,30223.0,70457.0,14171.0,17.752,632.0,133.235
2019-01-01,1,Río Negro,48777.0,42192.0,17828.0,13.994,18.377,141.168
2019-01-01,1,Salta,54768.0,89187.0,31498.0,5.669,6.452,187.574
2019-01-01,1,San Juan,40072.0,11589.0,6671.0,11.482,8.453,78.267
2019-01-01,1,San Luis,8417.0,10678.0,28.0,63.826,36.205,119.154
2019-01-01,1,Santa Cruz,12347.0,23089.0,5975.0,4.264,390.0,46.065
2019-01-01,1,Santa Fe,277012.0,421480.0,70976.0,39.14,17.519,826.127
2019-01-01,1,Santiago Del Estero,26468.0,75849.0,570.0,5.158,3.596,111.641
2019-01-01,1,Tierra Del Fuego,12853.0,27247.0,6.0,0.0,316.0,40.422
2019-01-01,1,Tucumán,147199.0,12185.0,69954.0,1.834,740.0,231.912
2019-01-01,4,Buenos Aires,635651.0,2441248.0,804991.0,93.444,57.927,4.033.261
2019-01-01,4,Capital Federal,163060.0,1142528.0,39890.0,4.815,29.237,1.379.530
2019-01-01,4,Catamarca,26870.0,5115.0,17856.0,322.0,2.233,52.396
2019-01-01,4,Chaco,44332.0,61200.0,23687.0,7.997,1.875,139.091
2019-01-01,4,Chubut,45703.0,39756.0,3040.0,23.363,18.712,130.574
2019-01-01,4,Córdoba,267396.0,439322.0,125620.0,52.827,17.536,902.701
2019-01-01,4,Corrientes,50102.0,61495.0,3146.0,5.626,5.29,125.659
2019-01-01,4,Entre Ríos,85683.0,113670.0,15653.0,20.206,12.169,247.381
2019-01-01,4,Formosa,21264.0,10789.0,2432.0,15.341,380.0,50.206
2019-01-01,4,Jujuy,32850.0,52815.0,15639.0,1.077,3.47,105.851
2019-01-01,4,La Pampa,9009.0,58945.0,15432.0,12.194,1.315,96.895
2019-01-01,4,La Rioja,17513.0,34984.0,1.0,250.0,30.0,52.778
2019-01-01,4,Mendoza,91842.0,68364.0,36083.0,18.331,833.0,215.453
2019-01-01,4,Misiones,49462.0,79855.0,6589.0,4.359,6.896,147.161
2019-01-01,4,Neuquén,30468.0,70614.0,13732.0,17.689,632.0,133.135
2019-01-01,4,Río Negro,48991.0,42022.0,17826.0,13.994,18.377,141.210
2019-01-01,4,Salta,56659.0,87817.0,30604.0,5.858,6.452,187.390
2019-01-01,4,San Juan,40072.0,7004.0,6599.0,10.468,8.453,72.596
2019-01-01,4,San Luis,8417.0,11767.0,27.0,63.019,36.205,119.435
2019-01-01,4,Santa Cruz,12347.0,19657.0,1041.0,4.659,2.97,40.674
2019-01-01,4,Santa Fe,287271.0,414746.0,62692.0,38.712,17.392,820.813
2019-01-01,4,Santiago Del Estero,26812.0,70522.0,570.0,5.169,3.596,106.669
2019-01-01,4,Tierra Del Fuego,12853.0,26439.0,6.0,0.0,316.0,39.614
2019-01-01,4,Tucumán,149322.0,11150.0,68043.0,1.834,740.0,231.089
2019-01-01,3,Buenos Aires,653930.0,2384557.0,749087.0,94.162,55.541,3.937.277
2019-01-01,3,Capital Federal,170375.0,1129573.0,39417.0,3.936,29.374,1.372.675
2019-01-01,3,Catamarca,26868.0,3690.0,16857.0,261.0,2.228,49.904
2019-01-01,3,Chaco,45745.0,58825.0,20675.0,6.706,2.003,133.954
2019-01-01,3,Chubut,45761.0,39386.0,2897.0,23.216,18.767,130.027
2019-01-01,3,Córdoba,276360.0,430771.0,102217.0,48.368,9.756,867.472
2019-01-01,3,Corrientes,50858.0,58681.0,2960.0,5.513,5.379,123.391
2019-01-01,3,Entre Ríos,87892.0,106950.0,13954.0,20.379,12.32,241.495
2019-01-01,3,Formosa,21790.0,10003.0,2000.0,15.023,393.0,49.209
2019-01-01,3,Jujuy,32611.0,57682.0,11112.0,952.0,4.371,106.728
2019-01-01,3,La Pampa,9015.0,56845.0,14677.0,11.893,1.305,93.735
2019-01-01,3,La Rioja,17346.0,34984.0,1.0,250.0,35.0,52.616
2019-01-01,3,Mendoza,91908.0,64672.0,32817.0,17.523,868.0,207.788
2019-01-01,3,Misiones,50195.0,77989.0,2572.0,3.445,8.985,143.186
2019-01-01,3,Neuquén,30222.0,70446.0,11043.0,16.787,737.0,129.235
2019-01-01,3,Río Negro,49530.0,40001.0,10381.0,13.187,18.368,131.467
2019-01-01,3,Salta,58216.0,84128.0,25445.0,5.764,7.293,180.846
2019-01-01,3,San Juan,40092.0,9223.0,5509.0,14.023,8.48,77.327
2019-01-01,3,San Luis,8401.0,10077.0,6.0,61.828,36.253,116.565
2019-01-01,3,Santa Cruz,12845.0,16098.0,1027.0,6.938,2.373,39.281
2019-01-01,3,Santa Fe,295051.0,405807.0,45721.0,37.112,19.307,802.998
2019-01-01,3,Santiago Del Estero,26419.0,70720.0,555.0,4.185,3.613,105.492
2019-01-01,3,Tierra Del Fuego,12854.0,26491.0,0.0,0.0,310.0,39.655
2019-01-01,3,Tucumán,149605.0,11752.0,59949.0,1.808,762.0,223.876
2019-01-01,2,Buenos Aires,661272.0,2244277.0,723072.0,91.736,57.189,3.777.546
2019-01-01,2,Capital Federal,178896.0,1106133.0,39482.0,3.937,29.373,1.357.821
2019-01-01,2,Catamarca,26968.0,3641.0,14878.0,261.0,2.228,47.976
2019-01-01,2,Chaco,46816.0,56017.0,17266.0,6.452,1.581,128.132
2019-01-01,2,Chubut,45761.0,38279.0,1324.0,17.678,5.614,108.656
2019-01-01,2,Córdoba,282858.0,415007.0,85818.0,44.522,8.263,836.468
2019-01-01,2,Corrientes,51248.0,55536.0,3144.0,3.927,5.011,118.866
2019-01-01,2,Entre Ríos,89391.0,99423.0,13954.0,20.042,11.303,234.113
2019-01-01,2,Formosa,21805.0,9353.0,1882.0,14.723,169.0,47.932
2019-01-01,2,Jujuy,32705.0,38938.0,5057.0,952.0,16.664,94.316
2019-01-01,2,La Pampa,8551.0,54422.0,14232.0,11.314,1.29,89.809
2019-01-01,2,La Rioja,16885.0,34984.0,1.0,250.0,35.0,52.155
2019-01-01,2,Mendoza,91904.0,62941.0,29613.0,15.924,802.0,201.184
2019-01-01,2,Misiones,50792.0,74497.0,2579.0,3.319,9.153,140.340
2019-01-01,2,Neuquén,30256.0,67990.0,11037.0,15.755,1.134,126.172
2019-01-01,2,Río Negro,49756.0,39650.0,10382.0,11.331,18.367,129.486
2019-01-01,2,Salta,59502.0,81740.0,24289.0,5.123,7.108,177.762
2019-01-01,2,San Juan,40092.0,8275.0,5509.0,7.019,8.882,69.777
2019-01-01,2,San Luis,8401.0,8357.0,6.0,60.935,36.253,113.952
2019-01-01,2,Santa Cruz,12845.0,16044.0,1027.0,6.585,2.368,38.869
2019-01-01,2,Santa Fe,299974.0,381679.0,46698.0,30.487,19.094,777.932
2019-01-01,2,Santiago Del Estero,25917.0,72074.0,355.0,3.038,4.063,105.447
2019-01-01,2,Tierra Del Fuego,12854.0,26025.0,0.0,0.0,310.0,39.189
2019-01-01,2,Tucumán,150084.0,9833.0,55120.0,1.357,762.0,217.156
2019-01-01,1,Buenos Aires,673237.0,2210349.0,720688.0,85.443,18.334,3.708.051
2019-01-01,1,Capital Federal,184494.0,1097635.0,38898.0,3.911,28.556,1.353.494
2019-01-01,1,Catamarca,21945.0,3146.0,12056.0,261.0,2.227,39.635
2019-01-01,1,Chaco,46356.0,54144.0,11958.0,6.239,1.58,120.277
2019-01-01,1,Chubut,45763.0,27287.0,1324.0,16.885,5.479,96.738
2019-01-01,1,Córdoba,286168.0,406109.0,68512.0,41.617,8.693,811.099
2019-01-01,1,Corrientes,51126.0,53231.0,2172.0,2.437,5.004,113.970
2019-01-01,1,Entre Ríos,90368.0,95434.0,13245.0,18.737,14.062,231.846
2019-01-01,1,Formosa,21068.0,8887.0,1800.0,14.51,169.0,46.434
2019-01-01,1,Jujuy,32066.0,38938.0,3078.0,942.0,16.641,91.665
2019-01-01,1,La Pampa,8553.0,53755.0,13821.0,11.295,1.802,89.226
2019-01-01,1,La Rioja,13076.0,34984.0,0.0,251.0,29.0,48.340
2019-01-01,1,Mendoza,91955.0,50251.0,28059.0,12.465,722.0,183.452
2019-01-01,1,Misiones,51458.0,69452.0,1220.0,460.0,10.962,133.552
2019-01-01,1,Neuquén,29305.0,65951.0,11031.0,14.711,729.0,121.727
2019-01-01,1,Río Negro,47756.0,38479.0,10381.0,11.222,18.362,126.200
2019-01-01,1,Salta,60426.0,75593.0,23025.0,4.125,7.212,170.381
2019-01-01,1,San Juan,40092.0,6448.0,5508.0,7.082,5.101,64.231
2019-01-01,1,San Luis,8301.0,7612.0,5.0,58.301,36.333,110.552
2019-01-01,1,Santa Cruz,12845.0,15766.0,1026.0,6.817,2.368,38.822
2019-01-01,1,Santa Fe,302366.0,383673.0,35123.0,30.488,19.468,771.118
2019-01-01,1,Santiago Del Estero,24695.0,70424.0,200.0,2.779,4.657,102.755
2019-01-01,1,Tierra Del Fuego,12854.0,25632.0,0.0,0.0,308.0,38.794
2019-01-01,1,Tucumán,143184.0,10494.0,44687.0,1.355,347.0,200.067
2019-01-01,4,Buenos Aires,720011.0,2191672.0,669194.0,87.111,18.266,3.686.254
2019-01-01,4,Capital Federal,196938.0,1093143.0,35534.0,3.914,28.576,1.358.105
2019-01-01,4,Catamarca,22999.0,3318.0,9506.0,261.0,2.227,38.311
2019-01-01,4,Chaco,48661.0,53602.0,8831.0,5.229,1.58,117.903
2019-01-01,4,Chubut,47045.0,26977.0,1324.0,15.267,5.489,96.102
2019-01-01,4,Córdoba,296872.0,410038.0,53335.0,37.75,8.693,806.688
2019-01-01,4,Corrientes,52525.0,51845.0,2002.0,2.458,5.004,113.834
2019-01-01,4,Entre Ríos,92981.0,99206.0,12875.0,18.561,15.407,239.030
2019-01-01,4,Formosa,21567.0,8684.0,1760.0,14.531,169.0,46.711
2019-01-01,4,Jujuy,32949.0,37604.0,873.0,814.0,16.641,88.881
2019-01-01,4,La Pampa,15457.0,56854.0,4942.0,11.341,1.805,90.399
2019-01-01,4,La Rioja,13738.0,34984.0,0.0,251.0,29.0,49.002
2019-01-01,4,Mendoza,96678.0,49711.0,24989.0,13.672,730.0,185.780
2019-01-01,4,Misiones,53116.0,69676.0,847.0,441.0,11.733,135.813
2019-01-01,4,Neuquén,29826.0,60970.0,10549.0,14.246,854.0,116.445
2019-01-01,4,Río Negro,49747.0,37933.0,9658.0,11.437,18.365,127.140
2019-01-01,4,Salta,63272.0,76062.0,21865.0,3.04,8.206,172.445
2019-01-01,4,San Juan,41360.0,6338.0,4931.0,7.241,5.104,64.974
2019-01-01,4,San Luis,8569.0,8027.0,6.0,55.266,36.333,108.201
2019-01-01,4,Santa Cruz,13264.0,15899.0,1036.0,6.8,2.371,39.370
2019-01-01,4,Santa Fe,312072.0,382254.0,27464.0,26.978,20.401,769.169
2019-01-01,4,Santiago Del Estero,24682.0,71239.0,200.0,2.81,4.657,103.588
2019-01-01,4,Tierra Del Fuego,13261.0,26821.0,0.0,0.0,310.0,40.392
2019-01-01,4,Tucumán,146985.0,11012.0,39574.0,725.0,348.0,198.644
2019-01-01,3 *,Buenos Aires,1277249.0,2144956.0,425386.0,85.572,27.07,3.960.233
2019-01-01,3 *,Capital Federal,300288.0,1080973.0,24900.0,3.895,31.155,1.441.211
2019-01-01,3 *,Catamarca,24349.0,5543.0,13.0,244.0,2.251,32.400
2019-01-01,3 *,Chaco,50416.0,49156.0,8063.0,5.224,1.592,114.451
2019-01-01,3 *,Chubut,37298.0,27090.0,1917.0,15.149,7.551,89.005
2019-01-01,3 *,Córdoba,307780.0,399231.0,30064.0,37.277,8.701,783.053
2019-01-01,3 *,Corrientes,53344.0,50230.0,1888.0,2.458,4.839,112.759
2019-01-01,3 *,Entre Ríos,94947.0,96305.0,12888.0,18.53,15.432,238.102
2019-01-01,3 *,Formosa,21777.0,8359.0,1476.0,14.292,162.0,46.066
2019-01-01,3 *,Jujuy,33110.0,35742.0,274.0,812.0,16.638,86.576
2019-01-01,3 *,La Pampa,19469.0,52941.0,4994.0,11.462,1.962,90.828
2019-01-01,3 *,La Rioja,14390.0,34984.0,11.0,251.0,41.0,49.677
2019-01-01,3 *,Mendoza,148640.0,54312.0,6865.0,12.975,1.545,224.337
2019-01-01,3 *,Misiones,54493.0,65872.0,829.0,419.0,12.27,133.883
2019-01-01,3 *,Neuquén,43347.0,60484.0,5560.0,13.512,2.518,125.421
2019-01-01,3 *,Río Negro,67478.0,37425.0,9739.0,10.806,18.847,144.295
2019-01-01,3 *,Salta,65799.0,74329.0,733.0,1.58,9.394,151.835
2019-01-01,3 *,San Juan,51670.0,7425.0,1227.0,7.241,5.535,73.098
2019-01-01,3 *,San Luis,13037.0,10561.0,350.0,62.286,36.466,122.700
2019-01-01,3 *,Santa Cruz,10663.0,17056.0,969.0,6.544,2.738,37.970
2019-01-01,3 *,Santa Fe,319396.0,377171.0,18690.0,24.269,21.408,760.934
2019-01-01,3 *,Santiago Del Estero,24556.0,71198.0,219.0,2.759,34.4,133.132
2019-01-01,3 *,Tierra Del Fuego,19790.0,26659.0,651.0,0.0,1.487,48.587
2019-01-01,3 *,Tucumán,150918.0,12089.0,116.0,684.0,324.0,164.131
2019-01-01,2 *,Buenos Aires,1284658.0,2079900.0,382971.0,75.24,32.929,3.855.698
2019-01-01,2 *,Capital Federal,309937.0,1061358.0,36082.0,3.962,4.281,1.415.620
2019-01-01,2 *,Catamarca,25682.0,5543.0,13.0,146.0,2.251,33.635
2019-01-01,2 *,Chaco,50765.0,47448.0,4203.0,4.727,1.591,108.734
2019-01-01,2 *,Chubut,37313.0,26338.0,1917.0,14.443,7.545,87.556
2019-01-01,2 *,Córdoba,314768.0,388254.0,23023.0,33.847,15.236,775.128
2019-01-01,2 *,Corrientes,53835.0,47431.0,1701.0,2.444,6.138,111.549
2019-01-01,2 *,Entre Ríos,97081.0,91081.0,12764.0,17.369,17.529,235.824
2019-01-01,2 *,Formosa,21916.0,8686.0,1382.0,14.292,162.0,46.438
2019-01-01,2 *,Jujuy,33022.0,30742.0,274.0,812.0,21.857,86.707
2019-01-01,2 *,La Pampa,19471.0,52101.0,4840.0,10.789,3.004,90.205
2019-01-01,2 *,La Rioja,15014.0,34984.0,11.0,251.0,41.0,50.301
2019-01-01,2 *,Mendoza,148673.0,54027.0,6865.0,12.748,1.544,223.857
2019-01-01,2 *,Misiones,55373.0,64272.0,543.0,421.0,12.269,132.878
2019-01-01,2 *,Neuquén,43420.0,59021.0,4983.0,12.792,2.737,122.953
2019-01-01,2 *,Río Negro,67841.0,36527.0,4037.0,10.485,19.657,138.547
2019-01-01,2 *,Salta,68827.0,62343.0,725.0,1.21,9.463,142.568
2019-01-01,2 *,San Juan,51680.0,7425.0,1174.0,2.87,6.876,70.025
2019-01-01,2 *,San Luis,11130.0,10298.0,347.0,57.242,38.368,117.385
2019-01-01,2 *,Santa Cruz,10665.0,10257.0,379.0,6.514,2.735,30.550
2019-01-01,2 *,Santa Fe,325420.0,355140.0,18236.0,21.98,22.708,743.484
2019-01-01,2 *,Santiago Del Estero,24393.0,64783.0,219.0,2.759,34.6,126.754
2019-01-01,2 *,Tierra Del Fuego,19790.0,25527.0,651.0,0.0,1.486,47.454
2019-01-01,2 *,Tucumán,153121.0,12089.0,116.0,684.0,321.0,166.331
2019-01-01,1 *,Buenos Aires,1304507.0,2020730.0,336362.0,64.867,20.201,3.746.667
2019-01-01,1 *,Capital Federal,328246.0,1030814.0,32281.0,3.978,4.281,1.399.600
2019-01-01,1 *,Catamarca,26912.0,4443.0,16.0,0.0,2.251,33.622
2019-01-01,1 *,Chaco,53409.0,43555.0,1951.0,3.628,1.134,103.677
2019-01-01,1 *,Chubut,37302.0,23065.0,1923.0,14.443,3.045,79.778
2019-01-01,1 *,Córdoba,323272.0,363959.0,19902.0,24.615,12.367,744.115
2019-01-01,1 *,Corrientes,55842.0,43444.0,1615.0,1.528,58.0,102.487
2019-01-01,1 *,Entre Ríos,100999.0,90253.0,12723.0,16.231,12.241,232.447
2019-01-01,1 *,Formosa,22570.0,7878.0,940.0,13.761,62.0,45.211
2019-01-01,1 *,Jujuy,33248.0,12484.0,153.0,640.0,43.622,90.147
2019-01-01,1 *,La Pampa,18832.0,57373.0,2891.0,9.023,1.041,89.160
2019-01-01,1 *,La Rioja,16367.0,34984.0,12.0,252.0,41.0,51.656
2019-01-01,1 *,Mendoza,148524.0,40205.0,5662.0,10.363,1.544,206.298
2019-01-01,1 *,Misiones,54898.0,59214.0,465.0,426.0,7.717,122.720
2019-01-01,1 *,Neuquén,40747.0,55634.0,3114.0,12.51,2.372,114.377
2019-01-01,1 *,Río Negro,68377.0,34124.0,3994.0,9.736,4.857,121.088
2019-01-01,1 *,Salta,74426.0,57933.0,647.0,1.135,1.879,136.020
2019-01-01,1 *,San Juan,51660.0,5838.0,808.0,2.932,1.207,62.445
2019-01-01,1 *,San Luis,11108.0,7784.0,378.0,53.097,23.968,96.335
2019-01-01,1 *,Santa Cruz,10659.0,4615.0,382.0,6.514,2.735,24.905
2019-01-01,1 *,Santa Fe,340038.0,340344.0,15621.0,23.215,17.86,737.078
2019-01-01,1 *,Santiago Del Estero,25337.0,61547.0,23.0,2.847,99.0,89.853
2019-01-01,1 *,Tierra Del Fuego,19789.0,23549.0,1623.0,0.0,1.486,46.447
2019-01-01,1 *,Tucumán,159215.0,11670.0,118.0,678.0,321.0,172.002
2019-01-01,4,Buenos Aires,1305576.0,1949637.0,296102.0,65.477,19.814,3.636.606
2019-01-01,4,Capital Federal,328253.0,1019490.0,33042.0,3.978,4.257,1.389.020
2019-01-01,4,Catamarca,26912.0,4443.0,16.0,0.0,2.212,33.583
2019-01-01,4,Chaco,53409.0,43555.0,1940.0,3.236,1.13,103.270
2019-01-01,4,Chubut,37215.0,23065.0,952.0,14.443,3.047,78.722
2019-01-01,4,Córdoba,328854.0,355716.0,17675.0,21.851,13.243,737.339
2019-01-01,4,Corrientes,55842.0,42418.0,796.0,1.515,30.0,100.601
2019-01-01,4,Entre Ríos,101168.0,86198.0,4853.0,15.472,14.356,222.047
2019-01-01,4,Formosa,22619.0,7880.0,887.0,13.761,57.0,45.204
2019-01-01,4,Jujuy,33248.0,12484.0,153.0,640.0,43.608,90.133
2019-01-01,4,La Pampa,18832.0,55337.0,2685.0,7.772,1.01,85.636
2019-01-01,4,La Rioja,16367.0,34984.0,12.0,252.0,36.0,51.651
2019-01-01,4,Mendoza,148524.0,40205.0,5665.0,10.363,1.547,206.304
2019-01-01,4,Misiones,55500.0,53673.0,465.0,426.0,6.209,116.273
2019-01-01,4,Neuquén,40747.0,55634.0,3115.0,12.425,2.444,114.365
2019-01-01,4,Río Negro,68377.0,34292.0,1299.0,8.037,4.832,116.837
2019-01-01,4,Salta,74295.0,57539.0,638.0,253.0,1.853,134.578
2019-01-01,4,San Juan,51660.0,5838.0,806.0,2.883,1.211,62.398
2019-01-01,4,San Luis,11108.0,7784.0,378.0,53.097,23.964,96.331
2019-01-01,4,Santa Cruz,10659.0,4615.0,382.0,6.378,2.734,24.768
2019-01-01,4,Santa Fe,335519.0,322782.0,14387.0,18.705,28.997,720.390
2019-01-01,4,Santiago Del Estero,25339.0,61243.0,23.0,2.649,81.0,89.335
2019-01-01,4,Tierra Del Fuego,19789.0,23349.0,1623.0,0.0,1.499,46.260
2019-01-01,4,Tucumán,159215.0,11670.0,119.0,686.0,314.0,172.004
2019-01-01,3,Buenos Aires,1435856.0,1929273.0,156382.0,62.318,26.448,3.610.277
2019-01-01,3,Capital Federal,334353.0,1009252.0,35694.0,3.872,9.319,1.392.490
2019-01-01,3,Catamarca,27553.0,4443.0,15.0,1.0,2.214,34.226
2019-01-01,3,Chaco,53927.0,42359.0,1990.0,2.628,1.129,102.033
2019-01-01,3,Chubut,58887.0,23065.0,1239.0,13.817,6.728,103.736
2019-01-01,3,Córdoba,337620.0,342401.0,15785.0,19.213,10.839,725.858
2019-01-01,3,Corrientes,56444.0,41300.0,212.0,1.468,32.0,99.456
2019-01-01,3,Entre Ríos,103318.0,83714.0,2403.0,15.093,80.0,204.608
2019-01-01,3,Formosa,22777.0,7589.0,817.0,13.625,57.0,44.865
2019-01-01,3,Jujuy,33363.0,10856.0,32.0,641.0,43.0,44.935
2019-01-01,3,La Pampa,12415.0,54574.0,8437.0,7.011,987.0,83.424
2019-01-01,3,La Rioja,16587.0,34984.0,13.0,253.0,35.0,51.872
2019-01-01,3,Mendoza,151033.0,40205.0,5744.0,8.195,1.852,207.029
2019-01-01,3,Misiones,56290.0,50793.0,512.0,391.0,56.0,108.042
2019-01-01,3,Neuquén,46602.0,54129.0,998.0,12.277,2.712,116.718
2019-01-01,3,Río Negro,68590.0,33474.0,1252.0,5.051,5.125,113.492
2019-01-01,3,Salta,76600.0,53980.0,678.0,234.0,1.391,132.883
2019-01-01,3,San Juan,54025.0,5838.0,826.0,2.744,1.048,64.481
2019-01-01,3,San Luis,11096.0,7784.0,368.0,52.859,2.314,74.421
2019-01-01,3,Santa Cruz,18606.0,4574.0,585.0,6.238,3.996,33.999
2019-01-01,3,Santa Fe,339126.0,312866.0,11749.0,16.337,15.022,695.100
2019-01-01,3,Santiago Del Estero,25805.0,58789.0,23.0,1.662,81.0,86.360
2019-01-01,3,Tierra Del Fuego,19365.0,22649.0,1502.0,1.0,2.047,45.564
2019-01-01,3,Tucumán,161209.0,9280.0,110.0,252.0,315.0,171.166
2019-01-01,2,Buenos Aires,1450203.0,1807868.0,143626.0,71.256,27.746,3.500.699
2019-01-01,2,Capital Federal,342431.0,977916.0,35610.0,3.908,9.321,1.369.186
2019-01-01,2,Catamarca,27444.0,4415.0,15.0,1.0,2.214,34.089
2019-01-01,2,Chaco,54134.0,40750.0,562.0,1.946,1.129,98.521
2019-01-01,2,Chubut,58935.0,19591.0,1239.0,14.07,6.729,100.564
2019-01-01,2,Córdoba,345141.0,327636.0,13832.0,16.355,10.109,713.073
2019-01-01,2,Corrientes,56541.0,39715.0,201.0,1.468,32.0,97.957
2019-01-01,2,Entre Ríos,104811.0,80376.0,2405.0,12.313,80.0,199.985
2019-01-01,2,Formosa,23543.0,7311.0,18.0,13.625,57.0,44.554
2019-01-01,2,Jujuy,33571.0,10856.0,23.0,640.0,43.0,45.133
2019-01-01,2,La Pampa,12416.0,53587.0,8420.0,7.011,987.0,82.421
2019-01-01,2,La Rioja,16663.0,34984.0,13.0,253.0,35.0,51.948
2019-01-01,2,Mendoza,152938.0,36872.0,3084.0,6.206,1.852,200.952
2019-01-01,2,Misiones,57265.0,47923.0,512.0,391.0,56.0,106.147
2019-01-01,2,Neuquén,46633.0,52855.0,998.0,12.649,2.713,115.848
2019-01-01,2,Río Negro,68667.0,32795.0,1252.0,4.396,5.125,112.235
2019-01-01,2,Salta,78386.0,53478.0,678.0,234.0,1.391,134.167
2019-01-01,2,San Juan,54080.0,5068.0,826.0,3.079,1.048,64.101
2019-01-01,2,San Luis,11104.0,7666.0,368.0,16.0,2.314,21.468
2019-01-01,2,Santa Cruz,18615.0,4474.0,585.0,6.734,3.997,34.405
2019-01-01,2,Santa Fe,337934.0,304349.0,11354.0,15.801,15.114,684.552
2019-01-01,2,Santiago Del Estero,26074.0,55935.0,23.0,1.662,81.0,83.775
2019-01-01,2,Tierra Del Fuego,19372.0,22756.0,531.0,1.0,2.047,44.707
2019-01-01,2,Tucumán,160315.0,8965.0,110.0,252.0,315.0,169.957
2019-01-01,1,Buenos Aires,1452061.0,1793884.0,133928.0,64.379,31.194,3.475.446
2019-01-01,1,Capital Federal,349995.0,968483.0,35535.0,3.164,9.393,1.366.570
2019-01-01,1,Catamarca,27300.0,4415.0,15.0,1.0,2.214,33.945
2019-01-01,1,Chaco,54879.0,40157.0,383.0,388.0,1.13,96.937
2019-01-01,1,Chubut,56375.0,19591.0,1194.0,14.07,6.729,97.959
2019-01-01,1,Córdoba,349342.0,326894.0,13178.0,13.237,11.275,713.926
2019-01-01,1,Corrientes,56937.0,35225.0,888.0,1.334,33.0,94.417
2019-01-01,1,Entre Ríos,106998.0,75751.0,3789.0,10.776,80.0,197.394
2019-01-01,1,Formosa,23556.0,7095.0,17.0,1.603,57.0,32.328
2019-01-01,1,Jujuy,33856.0,10456.0,23.0,28.0,43.0,44.406
2019-01-01,1,La Pampa,10807.0,51389.0,8386.0,10.556,1.926,83.064
2019-01-01,1,La Rioja,16960.0,34984.0,13.0,253.0,35.0,52.245
2019-01-01,1,Mendoza,152931.0,36872.0,3086.0,6.206,1.852,200.947
2019-01-01,1,Misiones,56311.0,46880.0,328.0,5.0,56.0,103.580
2019-01-01,1,Neuquén,46714.0,55072.0,1000.0,12.404,2.713,117.903
2019-01-01,1,Río Negro,68769.0,31712.0,1251.0,4.259,5.128,111.119
2019-01-01,1,Salta,79936.0,51534.0,118.0,204.0,1.391,133.183
2019-01-01,1,San Juan,54080.0,5068.0,826.0,2.246,1.048,63.268
2019-01-01,1,San Luis,11104.0,7594.0,368.0,16.0,2.314,21.396
2019-01-01,1,Santa Cruz,18615.0,4474.0,1799.0,6.734,2.783,34.405
2019-01-01,1,Santa Fe,341997.0,300421.0,10674.0,11.636,15.298,680.026
2019-01-01,1,Santiago Del Estero,26788.0,54594.0,23.0,1.432,81.0,82.918
2019-01-01,1,Tierra Del Fuego,19372.0,9663.0,531.0,1.0,2.047,31.614
2019-01-01,1,Tucumán,158611.0,8921.0,107.0,368.0,50.0,168.057
2019-01-01,4,Buenos Aires,1241172.0,1718013.0,131181.0,60.082,31.448,3.181.896
2019-01-01,4,Capital Federal,571363.0,961688.0,36277.0,3.119,9.877,1.582.324
2019-01-01,4,Catamarca,27083.0,263.0,11.0,1.0,2.2,29.558
2019-01-01,4,Chaco,55035.0,39690.0,389.0,380.0,1.121,96.615
2019-01-01,4,Chubut,56378.0,15097.0,1187.0,14.07,6.708,93.440
2019-01-01,4,Córdoba,349710.0,324709.0,12778.0,12.043,10.739,709.979
2019-01-01,4,Corrientes,56786.0,34722.0,894.0,1.334,35.0,93.771
2019-01-01,4,Entre Ríos,107764.0,73692.0,1894.0,10.267,86.0,193.703
2019-01-01,4,Formosa,23410.0,6973.0,19.0,1.603,51.0,32.056
2019-01-01,4,Jujuy,33844.0,9626.0,20.0,28.0,34.0,43.552
2019-01-01,4,La Pampa,10808.0,50495.0,8272.0,10.569,1.927,82.071
2019-01-01,4,La Rioja,16912.0,34984.0,14.0,253.0,31.0,52.194
2019-01-01,4,Mendoza,152896.0,16114.0,3015.0,6.206,1.92,180.151
2019-01-01,4,Misiones,56271.0,47470.0,95.0,5.0,54.0,103.895
2019-01-01,4,Neuquén,46739.0,54119.0,1017.0,12.404,2.692,116.971
2019-01-01,4,Río Negro,68690.0,30451.0,1250.0,4.259,5.114,109.764
2019-01-01,4,Salta,80705.0,50446.0,127.0,158.0,1.376,132.812
2019-01-01,4,San Juan,54079.0,451.0,812.0,2.246,1.036,58.624
2019-01-01,4,San Luis,11104.0,1119.0,335.0,17.0,2.329,14.904
2019-01-01,4,Santa Cruz,18614.0,1668.0,582.0,4.638,3.95,29.452
2019-01-01,4,Santa Fe,341680.0,293831.0,10602.0,10.965,15.382,672.460
2019-01-01,4,Santiago Del Estero,27313.0,40407.0,19.0,1.025,80.0,68.844
2019-01-01,4,Tierra Del Fuego,19372.0,6906.0,530.0,1.0,2.045,28.854
2019-01-01,4,Tucumán,156583.0,5223.0,105.0,102.0,319.0,162.332
2019-01-01,3,Buenos Aires,1288025.0,1571180.0,124920.0,35.058,38.777,3.057.960
2019-01-01,3,Capital Federal,583249.0,941092.0,33481.0,2.814,9.723,1.570.359
2019-01-01,3,Catamarca,26873.0,4411.0,12.0,1.0,2.181,33.478
2019-01-01,3,Chaco,54888.0,37307.0,456.0,36.0,1.072,93.759
2019-01-01,3,Chubut,56359.0,5645.0,1217.0,13.503,6.82,83.544
2019-01-01,3,Córdoba,344580.0,319360.0,10579.0,7.137,14.988,696.644
2019-01-01,3,Corrientes,56247.0,33993.0,947.0,1.334,27.0,92.548
2019-01-01,3,Entre Ríos,107774.0,69596.0,1786.0,6.245,63.0,185.464
2019-01-01,3,Formosa,22647.0,6816.0,428.0,2.202,12.0,32.105
2019-01-01,3,Jujuy,33796.0,9395.0,20.0,23.0,8.0,43.242
2019-01-01,3,La Pampa,11378.0,49679.0,5153.0,11.536,1.944,79.690
2019-01-01,3,La Rioja,16638.0,34984.0,14.0,252.0,25.0,51.913
2019-01-01,3,Mendoza,154036.0,33788.0,2772.0,29.0,1.866,192.491
2019-01-01,3,Misiones,56472.0,43880.0,110.0,5.0,9.0,100.476
2019-01-01,3,Neuquén,48001.0,52468.0,1044.0,11.576,2.695,115.784
2019-01-01,3,Río Negro,69301.0,30018.0,1106.0,3.054,4.017,107.496
2019-01-01,3,Salta,80782.0,50284.0,127.0,158.0,1.167,132.518
2019-01-01,3,San Juan,54499.0,5068.0,816.0,1.053,1.013,62.449
2019-01-01,3,San Luis,11407.0,7576.0,347.0,26.0,2.363,21.719
2019-01-01,3,Santa Cruz,19220.0,5487.0,1544.0,4.552,2.887,33.690
2019-01-01,3,Santa Fe,322953.0,290655.0,6338.0,4.897,37.499,662.342
2019-01-01,3,Santiago Del Estero,27733.0,54096.0,19.0,911.0,35.0,82.794
2019-01-01,3,Tierra Del Fuego,21587.0,7012.0,622.0,1.0,2.244,31.466
2019-01-01,3,Tucumán,154130.0,6431.0,106.0,40.0,305.0,161.012
2019-01-01,2,Buenos Aires,1378549.0,1535037.0,119132.0,21.555,24.358,3.078.631
2019-01-01,2,Capital Federal,615262.0,932466.0,38628.0,2.819,11.016,1.600.191
2019-01-01,2,Catamarca,26401.0,255.0,14.0,1.0,34.0,26.705
2019-01-01,2,Chaco,54449.0,35613.0,458.0,52.0,39.0,90.611
2019-01-01,2,Chubut,43994.0,1067.0,916.0,13.194,4.804,63.975
2019-01-01,2,Córdoba,341748.0,303488.0,4451.0,6.446,1.505,657.638
2019-01-01,2,Corrientes,55262.0,33192.0,258.0,1.354,31.0,90.097
2019-01-01,2,Entre Ríos,108309.0,67650.0,254.0,6.448,71.0,182.732
2019-01-01,2,Formosa,22493.0,6410.0,17.0,1.023,13.0,29.956
2019-01-01,2,Jujuy,33742.0,8858.0,22.0,0.0,35.0,42.657
2019-01-01,2,La Pampa,12754.0,48310.0,5194.0,6.253,511.0,73.022
2019-01-01,2,La Rioja,16244.0,0.0,15.0,2.0,28.0,16.289
2019-01-01,2,Mendoza,153331.0,13030.0,2581.0,27.0,1.784,170.753
2019-01-01,2,Misiones,56752.0,42925.0,103.0,5.0,9.0,99.794
2019-01-01,2,Neuquén,51794.0,50283.0,1133.0,11.545,2.678,117.433
2019-01-01,2,Río Negro,67038.0,29147.0,961.0,3.213,1.26,101.619
2019-01-01,2,Salta,80184.0,27280.0,115.0,158.0,804.0,108.541
2019-01-01,2,San Juan,48670.0,451.0,772.0,1.073,915.0,51.881
2019-01-01,2,San Luis,11432.0,1120.0,354.0,26.0,375.0,13.307
2019-01-01,2,Santa Cruz,15311.0,2722.0,1365.0,4.735,2.255,26.388
2019-01-01,2,Santa Fe,329813.0,228102.0,3234.0,4.958,1.173,567.280
2019-01-01,2,Santiago Del Estero,28337.0,3900.0,19.0,911.0,29.0,33.196
2019-01-01,2,Tierra Del Fuego,22636.0,6905.0,665.0,1.0,2.35,32.557
2019-01-01,2,Tucumán,149013.0,5223.0,116.0,14.0,45.0,154.411
2019-01-01,1,Buenos Aires,1559178.0,1465817.0,118839.0,21.2,24.342,3.189.376
2019-01-01,1,Capital Federal,428801.0,918328.0,38259.0,2.73,10.928,1.399.046
2019-01-01,1,Catamarca,26020.0,248.0,14.0,1.0,34.0,26.317
2019-01-01,1,Chaco,54430.0,34277.0,252.0,52.0,39.0,89.050
2019-01-01,1,Chubut,43994.0,999.0,916.0,13.194,4.793,63.896
2019-01-01,1,Córdoba,335673.0,293479.0,4871.0,5.782,1.394,641.199
2019-01-01,1,Corrientes,54993.0,31994.0,236.0,1.354,31.0,88.608
2019-01-01,1,Entre Ríos,108509.0,65095.0,230.0,6.448,71.0,180.353
2019-01-01,1,Formosa,22438.0,6215.0,16.0,1.023,13.0,29.705
2019-01-01,1,Jujuy,33869.0,9278.0,22.0,0.0,34.0,43.203
2019-01-01,1,La Pampa,12754.0,47195.0,5194.0,6.253,517.0,71.913
2019-01-01,1,La Rioja,16180.0,0.0,15.0,2.0,28.0,16.225
2019-01-01,1,Mendoza,153326.0,13030.0,2581.0,27.0,1.769,170.733
2019-01-01,1,Misiones,57363.0,40142.0,101.0,5.0,8.0,97.619
2019-01-01,1,Neuquén,51771.0,48109.0,1124.0,11.665,2.67,115.339
2019-01-01,1,Río Negro,67075.0,28785.0,954.0,3.213,1.261,101.288
2019-01-01,1,Salta,79837.0,26845.0,114.0,158.0,679.0,107.633
2019-01-01,1,San Juan,48670.0,451.0,772.0,1.073,907.0,51.873
2019-01-01,1,San Luis,11432.0,1120.0,354.0,26.0,375.0,13.307
2019-01-01,1,Santa Cruz,15502.0,2722.0,1272.0,4.733,2.257,26.486
2019-01-01,1,Santa Fe,327458.0,226094.0,3210.0,4.948,1.172,562.882
2019-01-01,1,Santiago Del Estero,29616.0,3900.0,19.0,911.0,29.0,34.475
2019-01-01,1,Tierra Del Fuego,22636.0,6905.0,665.0,1.0,2.35,32.557
2019-01-01,1,Tucumán,147373.0,5223.0,116.0,14.0,45.0,152.771
2019-01-01,4,Buenos Aires,1563542.0,1414676.0,118747.0,21.394,24.342,3.142.701
2019-01-01,4,Capital Federal,434835.0,914952.0,38161.0,2.583,10.928,1.401.459
2019-01-01,4,Catamarca,26735.0,250.0,14.0,1.0,34.0,27.034
2019-01-01,4,Chaco,54974.0,33534.0,248.0,52.0,39.0,88.847
2019-01-01,4,Chubut,43994.0,955.0,916.0,13.107,4.793,63.765
2019-01-01,4,Córdoba,337368.0,289344.0,3368.0,5.686,789.0,636.555
2019-01-01,4,Corrientes,54981.0,31497.0,233.0,1.354,31.0,88.096
2019-01-01,4,Entre Ríos,109359.0,64141.0,226.0,6.448,71.0,180.245
2019-01-01,4,Formosa,22400.0,6061.0,16.0,1.023,13.0,29.513
2019-01-01,4,Jujuy,33838.0,8731.0,22.0,0.0,34.0,42.625
2019-01-01,4,La Pampa,12754.0,47245.0,5054.0,6.253,522.0,71.828
2019-01-01,4,La Rioja,16270.0,0.0,16.0,2.0,28.0,16.316
2019-01-01,4,Mendoza,153320.0,13030.0,2579.0,27.0,1.769,170.725
2019-01-01,4,Misiones,57983.0,39294.0,100.0,5.0,8.0,97.390
2019-01-01,4,Neuquén,51742.0,46389.0,1124.0,11.91,2.67,113.835
2019-01-01,4,Río Negro,67057.0,28474.0,954.0,3.274,1.261,101.020
2019-01-01,4,Salta,79389.0,26657.0,110.0,158.0,621.0,106.935
2019-01-01,4,San Juan,48670.0,451.0,772.0,1.121,907.0,51.921
2019-01-01,4,San Luis,11432.0,1120.0,354.0,26.0,375.0,13.307
2019-01-01,4,Santa Cruz,15607.0,2722.0,1055.0,4.823,2.257,26.464
2019-01-01,4,Santa Fe,326721.0,225792.0,3201.0,4.946,1.172,561.832
2019-01-01,4,Santiago Del Estero,30192.0,3900.0,19.0,911.0,29.0,35.051
2019-01-01,4,Tierra Del Fuego,22636.0,6905.0,665.0,1.0,2.35,32.557
2019-01-01,4,Tucumán,146995.0,4482.0,116.0,14.0,45.0,151.652
2019-01-01,3,Buenos Aires,1574216.0,1355770.0,113463.0,18.867,24.276,3.086.592
2019-01-01,3,Capital Federal,447726.0,905105.0,36796.0,2.514,10.963,1.403.104
2019-01-01,3,Catamarca,26689.0,248.0,14.0,1.0,18.0,26.970
2019-01-01,3,Chaco,56251.0,32730.0,232.0,2.0,15.0,89.230
2019-01-01,3,Chubut,43987.0,935.0,916.0,13.364,4.75,63.952
2019-01-01,3,Córdoba,348481.0,285480.0,2540.0,5.695,395.0,642.591
2019-01-01,3,Corrientes,55934.0,30813.0,217.0,1.354,22.0,88.340
2019-01-01,3,Entre Ríos,112588.0,61850.0,206.0,6.441,64.0,181.149
2019-01-01,3,Formosa,21800.0,5905.0,9.0,0.0,2.0,27.716
2019-01-01,3,Jujuy,34250.0,8236.0,22.0,0.0,30.0,42.538
2019-01-01,3,La Pampa,12751.0,45952.0,4910.0,6.236,515.0,70.364
2019-01-01,3,La Rioja,16891.0,0.0,15.0,2.0,22.0,16.930
2019-01-01,3,Mendoza,153233.0,13030.0,2576.0,28.0,1.757,170.624
2019-01-01,3,Misiones,59776.0,38130.0,79.0,5.0,7.0,97.997
2019-01-01,3,Neuquén,51752.0,44739.0,1093.0,12.402,2.617,112.603
2019-01-01,3,Río Negro,67043.0,28496.0,942.0,3.293,1.252,101.026
2019-01-01,3,Salta,80866.0,26113.0,90.0,157.0,565.0,107.791
2019-01-01,3,San Juan,48670.0,451.0,770.0,1.174,903.0,51.968
2019-01-01,3,San Luis,11432.0,1113.0,354.0,23.0,371.0,13.293
2019-01-01,3,Santa Cruz,15570.0,2722.0,817.0,4.978,2.17,26.257
2019-01-01,3,Santa Fe,334911.0,223011.0,3037.0,4.862,1.19,567.011
2019-01-01,3,Santiago Del Estero,31730.0,3900.0,19.0,3.0,8.0,35.660
2019-01-01,3,Tierra Del Fuego,22636.0,6276.0,665.0,1.0,2.347,31.925
2019-01-01,3,Tucumán,147259.0,3850.0,116.0,53.0,41.0,151.319
2019-01-01,2,Buenos Aires,1579448.0,1305949.0,113070.0,21.163,25.661,3.045.291
2019-01-01,2,Capital Federal,450644.0,892209.0,36669.0,2.39,12.672,1.394.584
2019-01-01,2,Catamarca,26262.0,245.0,14.0,1.0,34.0,26.556
2019-01-01,2,Chaco,56112.0,31825.0,221.0,52.0,41.0,88.251
2019-01-01,2,Chubut,43977.0,867.0,916.0,13.293,4.803,63.856
2019-01-01,2,Córdoba,348891.0,277615.0,1709.0,5.61,1.089,634.914
2019-01-01,2,Corrientes,55511.0,29845.0,203.0,1.354,43.0,86.956
2019-01-01,2,Entre Ríos,112809.0,58768.0,169.0,6.434,193.0,178.373
2019-01-01,2,Formosa,22101.0,5658.0,6.0,1.023,14.0,28.802
2019-01-01,2,Jujuy,33758.0,7374.0,22.0,0.0,35.0,41.189
2019-01-01,2,La Pampa,12754.0,44654.0,4708.0,6.225,547.0,68.888
2019-01-01,2,La Rioja,16691.0,0.0,15.0,2.0,28.0,16.736
2019-01-01,2,Mendoza,153321.0,13030.0,2576.0,29.0,1.868,170.824
2019-01-01,2,Misiones,59573.0,36145.0,77.0,5.0,15.0,95.815
2019-01-01,2,Neuquén,51742.0,42370.0,1088.0,12.466,2.849,110.515
2019-01-01,2,Río Negro,67031.0,28100.0,939.0,3.3,1.334,100.704
2019-01-01,2,Salta,79438.0,24719.0,85.0,151.0,539.0,104.932
2019-01-01,2,San Juan,48670.0,451.0,770.0,1.214,908.0,52.013
2019-01-01,2,San Luis,11432.0,1063.0,354.0,30.0,377.0,13.256
2019-01-01,2,Santa Cruz,15453.0,2722.0,396.0,4.996,2.586,26.153
2019-01-01,2,Santa Fe,336244.0,219088.0,2981.0,4.744,1.417,564.474
2019-01-01,2,Santiago Del Estero,32101.0,3900.0,19.0,911.0,30.0,36.961
2019-01-01,2,Tierra Del Fuego,22636.0,5707.0,665.0,1.0,2.35,31.359
2019-01-01,2,Tucumán,145486.0,2968.0,116.0,58.0,49.0,148.677
2019-01-01,1,Buenos Aires,1583560.0,1200859.0,111231.0,21.108,25.757,2.942.515
2019-01-01,1,Capital Federal,454425.0,832126.0,36332.0,2.284,12.729,1.337.896
2019-01-01,1,Catamarca,26096.0,243.0,15.0,1.0,34.0,26.389
2019-01-01,1,Chaco,56353.0,29994.0,211.0,52.0,41.0,86.651
2019-01-01,1,Chubut,43967.0,834.0,916.0,13.28,4.803,63.800
2019-01-01,1,Córdoba,350884.0,252346.0,674.0,5.636,386.0,609.926
2019-01-01,1,Corrientes,55454.0,28491.0,192.0,1.354,45.0,85.536
2019-01-01,1,Entre Ríos,113101.0,54948.0,146.0,6.425,193.0,174.813
2019-01-01,1,Formosa,21852.0,5420.0,5.0,1.023,14.0,28.314
2019-01-01,1,Jujuy,33481.0,6751.0,22.0,0.0,35.0,40.289
2019-01-01,1,La Pampa,12754.0,41881.0,4536.0,6.209,549.0,65.929
2019-01-01,1,La Rioja,16645.0,0.0,16.0,2.0,28.0,16.691
2019-01-01,1,Mendoza,153299.0,13030.0,2576.0,34.0,1.871,170.810
2019-01-01,1,Misiones,59538.0,33330.0,70.0,5.0,15.0,92.958
2019-01-01,1,Neuquén,51702.0,36122.0,1085.0,12.502,2.85,104.261
2019-01-01,1,Río Negro,66894.0,27312.0,937.0,3.341,1.338,99.822
2019-01-01,1,Salta,78973.0,22741.0,73.0,132.0,507.0,102.426
2019-01-01,1,San Juan,48670.0,451.0,770.0,1.195,908.0,51.994
2019-01-01,1,San Luis,11432.0,1042.0,354.0,27.0,377.0,13.232
2019-01-01,1,Santa Cruz,15654.0,2723.0,396.0,5.088,2.426,26.287
2019-01-01,1,Santa Fe,338052.0,204816.0,3014.0,4.686,1.428,551.996
2019-01-01,1,Santiago Del Estero,32838.0,3900.0,19.0,911.0,30.0,37.698
2019-01-01,1,Tierra Del Fuego,22636.0,4834.0,665.0,1.0,2.35,30.486
2019-01-01,1,Tucumán,144233.0,2165.0,116.0,74.0,49.0,146.637
2019-01-01,4,Buenos Aires,1586343.0,1223603.0,103269.0,20.397,25.773,2.959.385
2019-01-01,4,Capital Federal,455427.0,879950.0,19818.0,2.273,12.758,1.370.226
2019-01-01,4,Catamarca,26180.0,242.0,15.0,1.0,34.0,26.472
2019-01-01,4,Chaco,56818.0,29456.0,186.0,52.0,41.0,86.553
2019-01-01,4,Chubut,43968.0,811.0,916.0,13.521,4.803,64.019
2019-01-01,4,Córdoba,353530.0,266062.0,480.0,5.613,385.0,626.070
2019-01-01,4,Corrientes,55681.0,28178.0,177.0,1.354,45.0,85.435
2019-01-01,4,Entre Ríos,113983.0,53411.0,122.0,6.427,194.0,174.137
2019-01-01,4,Formosa,21734.0,5314.0,4.0,1.023,14.0,28.089
2019-01-01,4,Jujuy,32934.0,6933.0,22.0,0.0,35.0,39.924
2019-01-01,4,La Pampa,12755.0,42705.0,4327.0,6.205,374.0,66.366
2019-01-01,4,La Rioja,16886.0,0.0,16.0,2.0,28.0,16.932
2019-01-01,4,Mendoza,153293.0,13030.0,2572.0,38.0,1.874,170.807
2019-01-01,4,Misiones,60252.0,32533.0,48.0,5.0,15.0,92.853
2019-01-01,4,Neuquén,51680.0,38902.0,1048.0,12.934,2.852,107.416
2019-01-01,4,Río Negro,66851.0,27221.0,915.0,3.407,1.328,99.722
2019-01-01,4,Salta,78744.0,22446.0,47.0,129.0,554.0,101.920
2019-01-01,4,San Juan,48670.0,451.0,770.0,1.23,908.0,52.029
2019-01-01,4,San Luis,11432.0,1025.0,354.0,30.0,377.0,13.218
2019-01-01,4,Santa Cruz,15614.0,2723.0,396.0,5.261,2.409,26.403
2019-01-01,4,Santa Fe,339843.0,212911.0,2885.0,4.596,1.437,561.672
2019-01-01,4,Santiago Del Estero,33582.0,4365.0,19.0,1.139,30.0,39.135
2019-01-01,4,Tierra Del Fuego,22636.0,4301.0,665.0,1.0,2.35,29.953
2019-01-01,4,Tucumán,144188.0,1653.0,116.0,88.0,50.0,146.095
2019-01-01,3,Buenos Aires,1585467.0,1183894.0,113590.0,19.989,25.825,2.928.765
2019-01-01,3,Capital Federal,454815.0,871262.0,30974.0,2.229,12.788,1.372.068
2019-01-01,3,Catamarca,25801.0,242.0,15.0,1.0,34.0,26.093
2019-01-01,3,Chaco,56282.0,28809.0,186.0,52.0,41.0,85.370
2019-01-01,3,Chubut,43964.0,792.0,916.0,13.408,4.803,63.883
2019-01-01,3,Córdoba,351692.0,264055.0,1450.0,5.412,389.0,622.998
2019-01-01,3,Corrientes,55792.0,27604.0,176.0,1.34,47.0,84.959
2019-01-01,3,Entre Ríos,113909.0,51945.0,122.0,6.261,197.0,172.434
2019-01-01,3,Formosa,21573.0,5264.0,2.0,899.0,14.0,27.752
2019-01-01,3,Jujuy,32598.0,6895.0,22.0,0.0,35.0,39.550
2019-01-01,3,La Pampa,12755.0,41886.0,4078.0,6.195,557.0,65.471
2019-01-01,3,La Rioja,16725.0,0.0,16.0,2.0,28.0,16.771
2019-01-01,3,Mendoza,153299.0,13030.0,2572.0,42.0,1.88,170.823
2019-01-01,3,Misiones,59921.0,31635.0,46.0,5.0,15.0,91.622
2019-01-01,3,Neuquén,47102.0,36620.0,1045.0,13.051,2.798,100.616
2019-01-01,3,Río Negro,66806.0,27130.0,917.0,3.415,1.346,99.614
2019-01-01,3,Salta,78064.0,21688.0,47.0,129.0,645.0,100.573
2019-01-01,3,San Juan,48670.0,451.0,770.0,1.231,908.0,52.030
2019-01-01,3,San Luis,11432.0,1025.0,354.0,31.0,377.0,13.219
2019-01-01,3,Santa Cruz,15540.0,2718.0,396.0,5.226,2.391,26.271
2019-01-01,3,Santa Fe,337042.0,209673.0,4169.0,4.426,1.428,556.738
2019-01-01,3,Santiago Del Estero,33886.0,4365.0,19.0,1.097,30.0,39.397
2019-01-01,3,Tierra Del Fuego,22636.0,8085.0,665.0,1.0,2.35,33.737
2019-01-01,3,Tucumán,142925.0,1135.0,116.0,88.0,50.0,144.314
2019-01-01,2,Buenos Aires,1581770.0,1141052.0,115660.0,19.268,26.04,2.883.790
2019-01-01,2,Capital Federal,453178.0,858342.0,19786.0,2.172,12.806,1.346.284
2019-01-01,2,Catamarca,25387.0,242.0,15.0,1.0,34.0,25.679
2019-01-01,2,Chaco,55767.0,27809.0,179.0,52.0,41.0,83.848
2019-01-01,2,Chubut,43949.0,762.0,916.0,13.055,4.803,63.485
2019-01-01,2,Córdoba,348130.0,255596.0,435.0,5.199,386.0,609.746
2019-01-01,2,Corrientes,55238.0,26553.0,157.0,1.321,47.0,83.316
2019-01-01,2,Entre Ríos,113378.0,49767.0,119.0,6.031,197.0,169.492
2019-01-01,2,Formosa,21097.0,5164.0,2.0,737.0,50.0,27.050
2019-01-01,2,Jujuy,32183.0,5482.0,22.0,0.0,35.0,37.722
2019-01-01,2,La Pampa,12756.0,40825.0,3719.0,6.19,562.0,64.052
2019-01-01,2,La Rioja,16463.0,0.0,16.0,2.0,28.0,16.509
2019-01-01,2,Mendoza,153301.0,13030.0,2572.0,38.0,1.882,170.823
2019-01-01,2,Misiones,59179.0,29283.0,37.0,5.0,15.0,88.519
2019-01-01,2,Neuquén,47078.0,34183.0,1044.0,12.781,2.799,97.885
2019-01-01,2,Río Negro,66738.0,26268.0,916.0,3.457,1.348,98.727
2019-01-01,2,Salta,77214.0,20297.0,47.0,129.0,580.0,98.267
2019-01-01,2,San Juan,48670.0,451.0,770.0,1.189,908.0,51.988
2019-01-01,2,San Luis,11432.0,1025.0,354.0,33.0,377.0,13.221
2019-01-01,2,Santa Cruz,15343.0,2707.0,396.0,4.917,2.4,25.763
2019-01-01,2,Santa Fe,333117.0,204685.0,2877.0,4.32,1.389,546.388
2019-01-01,2,Santiago Del Estero,33873.0,4365.0,19.0,1.091,30.0,39.378
2019-01-01,2,Tierra Del Fuego,22636.0,7927.0,665.0,1.0,2.35,33.579
2019-01-01,2,Tucumán,139944.0,479.0,116.0,88.0,50.0,140.677
2019-01-01,1,Buenos Aires,1583135.0,1096836.0,134177.0,18.754,28.94,2.861.842
2019-01-01,1,Capital Federal,454934.0,841743.0,19334.0,1.994,14.716,1.332.721
2019-01-01,1,Catamarca,25033.0,241.0,16.0,1.0,41.0,25.332
2019-01-01,1,Chaco,54952.0,26161.0,164.0,27.0,56.0,81.360
2019-01-01,1,Chubut,45645.0,717.0,906.0,12.54,5.465,65.273
2019-01-01,1,Córdoba,343883.0,247564.0,415.0,4.645,450.0,596.957
2019-01-01,1,Corrientes,54649.0,25372.0,129.0,1.319,62.0,81.531
2019-01-01,1,Entre Ríos,112363.0,47411.0,108.0,5.943,245.0,166.070
2019-01-01,1,Formosa,21022.0,4951.0,1.0,670.0,56.0,26.700
2019-01-01,1,Jujuy,31505.0,5048.0,22.0,0.0,36.0,36.611
2019-01-01,1,La Pampa,13143.0,39571.0,3215.0,6.164,604.0,62.697
2019-01-01,1,La Rioja,16282.0,0.0,16.0,2.0,33.0,16.333
2019-01-01,1,Mendoza,152433.0,13030.0,2542.0,29.0,2.126,170.160
2019-01-01,1,Misiones,58262.0,26836.0,30.0,5.0,13.0,85.146
2019-01-01,1,Neuquén,47518.0,32152.0,1024.0,12.088,2.96,95.742
2019-01-01,1,Río Negro,66274.0,25217.0,907.0,3.473,1.462,97.333
2019-01-01,1,Salta,76280.0,19781.0,47.0,129.0,574.0,96.811
2019-01-01,1,San Juan,48441.0,451.0,755.0,1.165,1.007,51.819
2019-01-01,1,San Luis,11414.0,1025.0,351.0,30.0,412.0,13.232
2019-01-01,1,Santa Cruz,16215.0,2700.0,392.0,4.772,2.562,26.641
2019-01-01,1,Santa Fe,328809.0,199037.0,2845.0,4.239,1.507,536.437
2019-01-01,1,Santiago Del Estero,33813.0,4365.0,19.0,1.02,35.0,39.252
2019-01-01,1,Tierra Del Fuego,22291.0,7924.0,657.0,1.0,2.583,33.456
2019-01-01,1,Tucumán,137857.0,115.0,116.0,88.0,100.0,138.276
2019-01-01,4,Buenos Aires,1575978.0,1070135.0,120528.0,17.728,32.038,2.816.407
2019-01-01,4,Capital Federal,455785.0,840224.0,17155.0,1.962,15.394,1.330.520
2019-01-01,4,Catamarca,25192.0,241.0,16.0,0.0,44.0,25.493
2019-01-01,4,Chaco,55024.0,10918.0,31.0,0.0,62.0,66.035
2019-01-01,4,Chubut,48539.0,697.0,891.0,12.256,6.159,68.542
2019-01-01,4,Córdoba,345157.0,240452.0,419.0,3.918,486.0,590.432
2019-01-01,4,Corrientes,54754.0,9526.0,40.0,1.315,75.0,65.710
2019-01-01,4,Entre Ríos,112291.0,23027.0,57.0,5.178,260.0,140.813
2019-01-01,4,Formosa,21245.0,4896.0,1.0,0.0,65.0,26.207
2019-01-01,4,Jujuy,31349.0,4583.0,22.0,37.0,11.0,36.002
2019-01-01,4,La Pampa,16043.0,34281.0,514.0,5.894,648.0,57.380
2019-01-01,4,La Rioja,16352.0,0.0,17.0,0.0,33.0,16.402
2019-01-01,4,Mendoza,151797.0,13030.0,2534.0,31.0,2.222,169.614
2019-01-01,4,Misiones,58435.0,18613.0,16.0,150.0,15.0,77.229
2019-01-01,4,Neuquén,47721.0,31778.0,1014.0,11.853,3.03,95.396
2019-01-01,4,Río Negro,66307.0,23703.0,901.0,3.819,1.53,96.260
2019-01-01,4,Salta,76026.0,17289.0,48.0,6.0,578.0,93.947
2019-01-01,4,San Juan,48653.0,451.0,740.0,1.202,1.073,52.119
2019-01-01,4,San Luis,11419.0,926.0,355.0,24.0,423.0,13.147
2019-01-01,4,Santa Cruz,17553.0,448.0,388.0,4.395,2.929,25.713
2019-01-01,4,Santa Fe,335267.0,183009.0,3205.0,6.282,1.634,529.397
2019-01-01,4,Santiago Del Estero,34110.0,4231.0,19.0,920.0,37.0,39.317
2019-01-01,4,Tierra Del Fuego,21948.0,3664.0,655.0,1.0,2.722,28.990
2019-01-01,4,Tucumán,137093.0,97.0,116.0,13.0,105.0,137.424
2019-01-01,3,Buenos Aires,1562533.0,1110628.0,124474.0,20.049,31.881,2.849.565
2019-01-01,3,Capital Federal,450155.0,833402.0,17886.0,1.995,14.387,1.317.825
2019-01-01,3,Catamarca,24380.0,244.0,15.0,0.0,47.0,24.686
2019-01-01,3,Chaco,53321.0,10336.0,29.0,1.0,59.0,63.746
2019-01-01,3,Chubut,49219.0,668.0,882.0,11.853,6.515,69.137
2019-01-01,3,Córdoba,340212.0,240334.0,444.0,4.064,377.0,585.431
2019-01-01,3,Corrientes,52957.0,9184.0,31.0,1.312,65.0,63.549
2019-01-01,3,Entre Ríos,108907.0,22440.0,48.0,5.203,135.0,136.733
2019-01-01,3,Formosa,21021.0,4836.0,0.0,0.0,80.0,25.937
2019-01-01,3,Jujuy,30128.0,3541.0,22.0,37.0,13.0,33.741
2019-01-01,3,La Pampa,16051.0,33940.0,538.0,11.219,677.0,62.425
2019-01-01,3,La Rioja,15864.0,0.0,14.0,1.0,37.0,15.916
2019-01-01,3,Mendoza,150120.0,13030.0,2512.0,40.0,2.222,167.924
2019-01-01,3,Misiones,56933.0,18373.0,4.0,3.0,14.0,75.327
2019-01-01,3,Neuquén,54458.0,30964.0,1000.0,12.858,3.087,102.367
2019-01-01,3,Río Negro,65264.0,26590.0,888.0,3.533,1.505,97.780
2019-01-01,3,Salta,73828.0,18394.0,43.0,109.0,580.0,92.954
2019-01-01,3,San Juan,48272.0,451.0,731.0,1.199,1.126,51.779
2019-01-01,3,San Luis,11303.0,925.0,355.0,25.0,438.0,13.046
2019-01-01,3,Santa Cruz,17862.0,492.0,385.0,4.273,3.098,26.110
2019-01-01,3,Santa Fe,325577.0,183630.0,4407.0,6.54,733.0,520.887
2019-01-01,3,Santiago Del Estero,32820.0,3900.0,19.0,768.0,41.0,37.548
2019-01-01,3,Tierra Del Fuego,21840.0,3469.0,650.0,1.0,2.832,28.792
2019-01-01,3,Tucumán,131739.0,97.0,117.0,13.0,100.0,132.066
2019-01-01,2,Buenos Aires,1568881.0,1025490.0,120008.0,17.02,33.147,2.764.546
2019-01-01,2,Capital Federal,447637.0,828411.0,17729.0,1.883,14.555,1.310.215
2019-01-01,2,Catamarca,24380.0,243.0,17.0,0.0,43.0,24.683
2019-01-01,2,Chaco,53321.0,9870.0,30.0,0.0,58.0,63.279
2019-01-01,2,Chubut,51070.0,649.0,866.0,10.96,6.974,70.519
2019-01-01,2,Córdoba,337825.0,234729.0,351.0,3.673,374.0,576.952
2019-01-01,2,Corrientes,52883.0,8680.0,31.0,1.309,55.0,62.958
2019-01-01,2,Entre Ríos,108900.0,21706.0,49.0,4.795,133.0,135.583
2019-01-01,2,Formosa,20894.0,4628.0,0.0,0.0,78.0,25.600
2019-01-01,2,Jujuy,30128.0,4161.0,23.0,40.0,9.0,34.361
2019-01-01,2,La Pampa,15957.0,32600.0,513.0,5.869,689.0,55.628
2019-01-01,2,La Rioja,15864.0,0.0,14.0,0.0,34.0,15.912
2019-01-01,2,Mendoza,148979.0,13030.0,2480.0,36.0,2.282,166.807
2019-01-01,2,Misiones,56933.0,17594.0,4.0,150.0,8.0,74.689
2019-01-01,2,Neuquén,47767.0,29776.0,997.0,10.765,2.983,92.288
2019-01-01,2,Río Negro,64920.0,24944.0,876.0,3.657,1.56,95.957
2019-01-01,2,Salta,73841.0,17504.0,45.0,7.0,577.0,91.974
2019-01-01,2,San Juan,48161.0,451.0,722.0,1.139,1.173,51.646
2019-01-01,2,San Luis,11306.0,925.0,354.0,22.0,448.0,13.055
2019-01-01,2,Santa Cruz,18956.0,448.0,381.0,4.118,3.266,27.169
2019-01-01,2,Santa Fe,324101.0,178495.0,3085.0,6.041,636.0,512.358
2019-01-01,2,Santiago Del Estero,32820.0,4231.0,19.0,907.0,34.0,38.011
2019-01-01,2,Tierra Del Fuego,21618.0,3008.0,648.0,1.0,2.934,28.209
2019-01-01,2,Tucumán,131740.0,97.0,121.0,13.0,98.0,132.069
2019-01-01,1,Buenos Aires,1567685.0,1000879.0,120960.0,16.528,33.824,2.739.876
2019-01-01,1,Capital Federal,445569.0,820161.0,17767.0,1.866,14.555,1.299.918
2019-01-01,1,Catamarca,24126.0,46.0,17.0,0.0,43.0,24.232
2019-01-01,1,Chaco,52971.0,9497.0,30.0,0.0,58.0,62.556
2019-01-01,1,Chubut,51066.0,539.0,866.0,10.776,6.974,70.221
2019-01-01,1,Córdoba,336841.0,225769.0,347.0,3.585,368.0,566.910
2019-01-01,1,Corrientes,52565.0,8279.0,31.0,1.306,55.0,62.236
2019-01-01,1,Entre Ríos,107883.0,21379.0,49.0,4.887,133.0,134.331
2019-01-01,1,Formosa,20774.0,4548.0,0.0,0.0,100.0,25.422
2019-01-01,1,Jujuy,29765.0,4030.0,23.0,0.0,9.0,33.827
2019-01-01,1,La Pampa,15826.0,31305.0,513.0,5.848,701.0,54.193
2019-01-01,1,La Rioja,15663.0,0.0,14.0,0.0,34.0,15.711
2019-01-01,1,Mendoza,148970.0,12076.0,2480.0,37.0,2.282,165.845
2019-01-01,1,Misiones,56597.0,17191.0,4.0,150.0,8.0,73.950
2019-01-01,1,Neuquén,47790.0,28161.0,997.0,10.381,3.051,90.380
2019-01-01,1,Río Negro,64886.0,24156.0,876.0,3.576,1.572,95.066
2019-01-01,1,Salta,73131.0,17538.0,45.0,8.0,568.0,91.290
2019-01-01,1,San Juan,48161.0,434.0,722.0,808.0,1.173,51.298
2019-01-01,1,San Luis,11306.0,428.0,354.0,21.0,448.0,12.557
2019-01-01,1,Santa Cruz,18927.0,100.0,381.0,4.092,3.264,26.764
2019-01-01,1,Santa Fe,322662.0,174296.0,3059.0,5.951,644.0,506.612
2019-01-01,1,Santiago Del Estero,32567.0,3598.0,19.0,915.0,34.0,37.133
2019-01-01,1,Tierra Del Fuego,21618.0,2837.0,648.0,1.0,2.934,28.038
2019-01-01,1,Tucumán,129717.0,83.0,121.0,13.0,98.0,130.032
2019-01-01,"Los datos provinciales no coinciden a nivel nacional, ya que se rincorporó información que no contien apertuta a nivel geográfico.",,,,,,,
